"x","y"
-1.00385870803179,0.456310632250151
0.164781920058348,0.42893667376899
-0.0998566585212795,0.759135725052762
-1.14380210668883,0.436327063225695
0.301985975395697,0.41636410737788
-0.832857164177919,0.561942400887825
0.0833476058225261,0.562455047649423
0.0127179238317822,0.570370706032983
-0.675962134554023,0.463525226089339
0.210360011268195,0.657133604847166
-0.403720768656832,0.506804955485052
0.0485909988854137,0.714969874509287
0.332247090780813,0.583857642433387
0.616786928927891,0.356587531141952
0.0842290951757951,0.442861258101636
-0.019388194976522,0.437235532621109
-0.861088039607868,0.392242907772476
-0.244427752816699,0.559735910926477
-0.554472765184217,0.492905774188361
0.350904875625439,0.377585684467661
0.826296502622042,0.480017547854236
0.96875461549924,0.538697885057085
0.391188100145831,0.483424362641879
0.306992457991951,0.597220652334196
0.419245336632676,0.568738111199857
0.147520088951621,0.503910814021563
-0.821633964481925,0.400532525620082
0.329711500038217,0.446041563703432
-0.273345414948934,0.394411347354834
0.746676330537914,0.357484548104629
-0.214575440062186,0.453061763578081
-0.927691574418825,0.434273425338072
-0.594311881455473,0.471474487926659
-0.17522639032319,0.43736586408935
0.309034322090389,0.531957339287724
-0.142874074489011,0.580104794067795
0.535253602966381,0.593237962909225
-0.0332376917784167,0.528145522189253
0.320105935711712,0.455325413407132
0.181882529777512,0.470331189299387
-1.03939033396709,0.593647832250613
-0.10186683870193,0.494466990281034
-0.0892724291259596,0.478503771272929
0.0161712521253611,0.525084960759317
0.506090918148396,0.55289035458115
-0.5076577580879,0.778117535486254
-0.599090923716051,0.44199797196383
-0.331454059439725,0.425924989686813
-0.373275130688724,0.630989155145568
0.813096411994824,0.581013259304554
-0.805638476163509,0.543031483665283
0.372840469783571,0.462757167898471
-0.125804945293547,0.388503949620315
0.369676026675766,0.530655438120852
-0.829465989585596,0.318259939215025
-0.116064202130792,0.398831376856973
-0.649164377872305,0.500873574683308
0.862920388309756,0.466358626734142
0.678584237809701,0.504678885558363
-0.223183447482392,0.504492559966483
0.5977631986901,0.678595258021828
0.0512447087882163,0.536521562995226
0.0914977752443449,0.464295828064344
0.088056439368481,0.599717081327243
-0.954002631893236,0.572133118327931
-0.307224908617624,0.698893201135281
0.730423222950261,0.490901941143462
0.0718533904148892,0.40711444319084
-0.115091593819605,0.523545498528226
-0.0672284613474957,0.547392758759265
0.0159792290955347,0.399603354484558
-0.733952984846395,0.522254125876523
-0.103922054439079,0.64481571705193
-1.20018386131284,0.405615337072901
-0.696592548738499,0.494754568649408
0.297546130226065,0.560982021910058
0.529414531097008,0.380759997754809
0.518508562068757,0.565193293303413
0.836643626284365,0.480138887426899
0.712055318441822,0.309767160295193
-0.369618096622022,0.807871979563036
0.861270558438317,0.187937202860261
-0.00483197255322727,0.527162080617689
0.5154019851352,0.643365144075021
0.346084522737037,0.436641630320512
-0.772369000859714,0.48474557439072
-0.364172622583447,0.344751754999621
-0.448211486052586,0.303506198334611
0.0888023017548821,0.457085034191997
-0.231301384592683,0.692489450487792
-0.0946884106399476,0.498157196719135
0.00383813529472742,0.592281154331938
-0.0413108518497033,0.521327845054339
0.103475630159968,0.440997524273065
1.24219491350303,0.556541674036088
0.162941614357058,0.546261700015289
0.0240148981263572,0.519130631758809
0.40599629343594,0.476177099337065
0.0647362792214259,0.578648013357612
-0.514821311239393,0.486198365689003
0.4973157108237,0.533044631498873
0.352502811939591,0.519554897649026
-0.131380537763402,0.454226632269038
0.633443411640363,0.566162173718193
0.693264640903746,0.490315659069408
0.499099313126923,0.394899436717566
-0.975826671861894,0.431941983208073
0.362996253785456,0.575480249168665
-0.442701536258491,0.486986489770502
0.327379642993373,0.576703342969593
0.403357362624111,0.549084567883935
0.458128411987802,0.613488660412214
-0.492375957863672,0.502268131046543
-1.32227900407842,0.468891630833279
0.145355261333015,0.452662720006155
0.520652666955616,0.583135397174857
0.240328185334646,0.569335788594812
-0.248569789205615,0.545184716562579
-0.534696134909727,0.602755773712153
-0.452789075726248,0.46649869683966
0.940684341064824,0.564508239041023
-0.479976159679113,0.482951895610753
0.0842147041664158,0.532389711984408
0.106977788516891,0.572361665077103
-0.00376435519686235,0.389696858819227
0.296371500214593,0.527462466717441
-0.266619706428178,0.493084508477839
0.970236258545268,0.627241130838696
0.0700685592300359,0.418162608754721
1.10406675597974,0.599164849516607
-0.438626724240085,0.474052984240465
0.0337921749260562,0.556761413736356
0.177887420583882,0.601265916850528
0.287473568950624,0.478845549780386
0.0516970839828441,0.5762260734357
0.581783045539662,0.348023284370519
0.256208281258492,0.676104620518038
-0.921397504383043,0.508712570555002
-1.08269400846914,0.436742279786498
0.233413560760205,0.504523961954267
-0.608164578270183,0.518236888894309
-0.217730633229413,0.536247490889416
-0.694082173395805,0.433679153608725
-0.231919117236154,0.584220553360481
0.349548443402669,0.421533983947413
0.123598451635585,0.394184116878694
-0.434899404161956,0.390453980068207
-0.762840987857612,0.399621545703316
-0.177960712257663,0.533973757241383
-0.152412470273022,0.533149138062346
0.101589966372885,0.440411409581407
0.396217181356545,0.471136917786977
-1.00615667176158,0.484057552424978
0.462426875290926,0.598339275504639
-0.29059186755477,0.556263091549168
-0.465263089460713,0.294805467390156
0.82370439997702,0.485154899241327
-0.396061241720401,0.415399913290067
1.11008562497719,0.544420272331729
0.662584688288059,0.406189977527582
0.124534880388624,0.579560766283751
-0.999302448234385,0.484897785228235
0.523638269956716,0.263800496694581
-0.515044375783899,0.606269664446594
1.32978248548235,0.617227072556945
-0.0870644058602237,0.564935747714977
-1.01680400706326,0.599181904836244
-0.136370318751285,0.399579712465071
-0.187731985985773,0.574971514955801
0.418901088430584,0.472695504387011
0.18102810611261,0.354819757915521
-0.195861482543262,0.550738573804413
0.352570084311034,0.532756096998165
0.459830029490877,0.329802613657342
0.238581678196489,0.605522534392795
0.0866943777993088,0.459758849547048
-0.221789614422957,0.431836372312514
-0.0495237226363786,0.3863652329777
-0.314832827259426,0.27168209268745
-0.174913270236409,0.610390964758989
-0.892315715380825,0.265960718929074
0.672153532816828,0.522991025525451
0.464805097361392,0.431326414328063
-0.0485543125418275,0.503334346709637
-0.21577691604851,0.455869268369007
0.649159935902408,0.633491162181522
-0.571871420281726,0.421148580973229
0.430791932702593,0.538978243513473
0.626542123673982,0.404596667238468
0.336376394804248,0.421773438076684
0.462881448032114,0.378456194298785
-0.176417712957582,0.496632092534569
0.00926769433138783,0.286919169998411
-0.118596285174738,0.365822814861961
-0.178207949727725,0.519434082177787
-1.06352108661901,0.42069433321324
-0.146379161566545,0.449195585811501
0.024123789692542,0.469844170157998
-0.681657028227022,0.382431938511947
-0.753697806671776,0.462244683670165
-0.4542290342998,0.637690074115196
0.190710211025495,0.507601528125101
-0.390642977934804,0.513129171368414
-0.474197113124915,0.501557869479442
-0.681069301938555,0.634425086422626
0.0337169845544042,0.532683510174119
0.648444296061068,0.595112332424435
0.32328652570217,0.428376222773944
-1.04398368253638,0.629670055457938
0.547926199123596,0.569851577733165
0.0641350752011039,0.272770187437261
-0.0613603881233876,0.60256040746755
-0.201011520553715,0.621576436257327
0.125897854166347,0.793272537525007
0.509849521973831,0.533798559529941
-0.608605374191379,0.528440585699535
-0.122024825222716,0.436487676885322
-1.18743638032557,0.522469289120374
0.334500654687043,0.489440052589966
-0.170852934909265,0.52651614757312
0.278479620658457,0.483036551666721
0.256057878816482,0.357576949075081
-0.598658926336185,0.547466411615462
0.769269114177584,0.557599025043321
-0.305875045229939,0.710231644165763
-0.169258734704597,0.447330352150705
0.383268883987434,0.271684147277051
-0.668240320667738,0.524230628574514
0.192736754299488,0.55911526907154
0.386533922392956,0.372279257516126
-0.743191224925835,0.504322964469174
0.584873168635547,0.363041937946884
0.166476881241897,0.360999015639371
0.383145760103721,0.621561073923397
-0.790890854555384,0.548089867965281
-0.775007486978284,0.511995222288859
0.0633952770035049,0.702023528088561
-0.716529134911514,0.605920957333683
-0.834005975507134,0.639398204687738
0.1604869684559,0.440911348577486
0.857203406973695,0.423411291740845
0.148097557732121,0.584596737358511
0.581810780336472,0.600147135580733
0.464399674955328,0.451264690249079
-0.0528374507312477,0.509644133891431
0.625250782553384,0.656304609688605
-0.379888981197868,0.591069137879415
0.383616525349541,0.683929956470983
0.121855829157258,0.474310123374648
-0.0575566210915175,0.461281403227776
-0.137341932390857,0.470581147217971
-0.60091483718089,0.645009745323458
-0.562683985895919,0.618928071544628
0.0918565324258633,0.535774739923805
0.655458135772334,0.563690276297321
-0.166231266319718,0.563870748803195
0.188450081267308,0.693384520847596
-0.388377186766538,0.458566200835247
0.431929306876343,0.429131299487133
-0.263896185243242,0.599487250840236
0.208646137116808,0.467059323523045
0.349383990264353,0.370856244915351
-0.857238561586709,0.474578423768923
0.567579720889186,0.368194743640451
-0.240777730804369,0.436791580469532
-0.323231716064551,0.407872105512145
-0.775760365664695,0.315786830056335
0.760567257761738,0.51666774336531
-0.244402830237743,0.535603762610733
0.291819993782562,0.56821090749327
0.974213622806451,0.481552976296334
-0.283468504657847,0.398996819100841
0.00340463958287531,0.606916211060687
-0.429937847968202,0.543981621752456
0.767939161493252,0.426822289815583
-0.367956280749574,0.393609517741872
0.414011190093977,0.477407623422742
0.257164158185847,0.612190249358831
0.0619996615791158,0.431328091790858
-0.4135033187529,0.396363976840191
-0.60733902727532,0.523337551975014
-0.116790296586223,0.656042586806802
-0.126748379920975,0.502139989780671
-0.273765746384681,0.516879424049137
-0.477102426856702,0.379825533170249
-0.411176457086845,0.50594737718969
-0.460276269859654,0.358882667956876
0.179766929797811,0.309270312199902
0.193025876184332,0.419582624670449
-0.27375750130387,0.387018664199859
-0.224029107895087,0.612950209402729
-0.0840391584075535,0.582969149786359
-0.386805606075838,0.507110987732267
0.325699470011886,0.458761246719261
0.128272778115034,0.573840700090489
-0.288574433952971,0.597265854835976
0.261353050492832,0.41124403418092
0.883509004968757,0.581139091792352
0.348597427082417,0.497238874674371
-0.605359909840196,0.55793968475503
-0.379696257610229,0.265014080508069
-0.798765795816105,0.462249191872686
0.0857433627851681,0.469089508466392
0.623922723949963,0.496775599822142
0.226120899011714,0.519289026119061
0.357649522614032,0.402243539448011
0.248690708882658,0.306457202246095
0.374557930009154,0.540826822437508
-0.329332053825094,0.757830238003774
0.0204882858655224,0.402396319617051
-0.385605896125448,0.617462372843678
-0.22371027335259,0.535190336255102
0.755774357689912,0.479945393390757
0.473199248529813,0.599397019916864
0.935362001854791,0.580051278221877
0.0243184577636544,0.520345205185302
0.213453561783793,0.499869752324373
0.255935241554207,0.416162889108085
-0.0355229075565988,0.358721670763337
0.831299885151229,0.397422819624328
0.550419590970107,0.566830415326037
0.51107049441396,0.483682928611262
-0.19588832895606,0.62636228798592
0.31338029740496,0.466916396881201
-0.210732252109346,0.565604363152362
-0.647555651703366,0.550063500014203
-0.521457514154261,0.572523080799008
0.688503453486318,0.611661782616417
0.913931737215045,0.32219657342335
0.62359161197778,0.303834539714522
0.501853897825268,0.429860786866764
0.411624710961416,0.405021017580056
0.451210082944755,0.655389491829325
0.110735158512345,0.495820325012793
0.408646649688895,0.433745237634116
0.0703704062136649,0.632500739370871
-1.16086531934569,0.53070241965406
0.251658623271327,0.517570015708692
0.727402626311128,0.749795644706561
0.0057412486455201,0.488295996134569
-0.256299272721195,0.449064320654663
0.333524015909671,0.548675372619769
-0.149393567736215,0.383865544679176
0.18540936251859,0.639649267425603
-0.362135613350991,0.403948071455649
0.204762280804414,0.519961252147605
0.349842237152918,0.525208535275797
0.309581710028285,0.559903646977609
-0.599915657143403,0.53632134090555
-0.404022048754522,0.388529380167007
-0.250725806131939,0.545308846222994
0.263336105300904,0.588434205372195
-0.12462289361219,0.468176274208788
-0.786212517974645,0.482410785608818
0.0496702603894047,0.51638712501706
0.290735950011983,0.529554571478566
-0.569393350795524,0.462867143412085
0.307443921650955,0.574427294870074
-0.14557562587383,0.394157324565468
-0.571188895102505,0.689076509721082
-0.0754661552630449,0.542302030033431
0.511404123154754,0.414084625951385
0.773682304777431,0.581218814184006
-0.348906447453631,0.466974658901718
-0.108120113164917,0.504730132782961
-0.443293300166067,0.426666559727012
-0.312083000579191,0.52930463271135
-0.760840388474998,0.438716386295784
1.20277217282855,0.360040440353219
0.0101318681430669,0.534092172895478
0.522246818189408,0.476306123280455
0.311769244684554,0.329585105436729
-0.1086679122301,0.628018066895308
0.323996474007698,0.468509222561183
-0.51538449696655,0.513376101776341
0.448386297873399,0.383634448380251
-0.688499548235309,0.596557079441244
0.342163390317114,0.392720470206871
-0.14553683767336,0.512527088918881
0.94945353631986,0.540987991078485
-0.551637073771,0.653109517887236
-0.352763880587233,0.660644352183149
-0.448394380127946,0.448766505549781
0.0764007442048949,0.54059903282589
-0.120241660825512,0.418913464458586
-0.0758134589934923,0.591554934325916
0.248157101950036,0.344081903364836
-0.0508846632126114,0.413984185019116
0.277634904728562,0.582493402452569
-0.581609513851992,0.480866806337648
0.412249919765808,0.396543796866533
-0.0772287584370404,0.574382005196755
-0.0169601683150453,0.525036688250773
-1.01161726670649,0.325773815948311
0.145377780915311,0.641553692358608
-0.0709294528454539,0.53587199495507
0.789641177895163,0.55182207633516
0.154522843718382,0.124431435009608
-0.130962725440377,0.494342228643346
-0.763096125478917,0.561160003884672
-0.116135406374303,0.517445707637051
-0.152651473401381,0.398412738434212
0.188679582241871,0.440500242740396
0.158879816057276,0.549410143028879
0.114047234771412,0.548418652508143
0.404509216191247,0.489935243570374
0.349729004238318,0.663171791458654
0.427797728754962,0.415372033790104
0.681073838379299,0.361040547872577
-0.333042014417408,0.567810466555752
-0.339410288271778,0.565679544315893
-0.157752940650285,0.436228137317255
0.114922761374534,0.335110440337564
-0.161156422369981,0.442074270948225
0.0365611545402217,0.360414330262672
-0.33320508934055,0.512350689195393
-0.753283792349248,0.443023420963202
-0.301082717217446,0.488768046995105
0.826263735920053,0.602018348101946
0.544824417358136,0.476955939693492
-0.0778400144641009,0.498613673389447
0.532219548133844,0.53265032321076
0.483307502399079,0.664918065025475
-0.54803568297177,0.481202478736871
0.644611042193114,0.445934092724128
0.0140170925160989,0.691334139545361
0.60727965502489,0.457000451462497
-0.232272834671143,0.614963566362123
0.256811828780244,0.553506634261846
-0.572240472953592,0.510191255120497
0.587795653127047,0.485137204312149
-0.00980871857848817,0.588147587095132
-0.172997159794798,0.440554107740941
-0.531246174203428,0.485974885080407
-0.0979847304885879,0.618197361148735
-0.117534106602472,0.505411658189863
-0.840621401420121,0.473877918771762
-0.328320192886694,0.745891803665344
-0.066512000192097,0.635718276889294
-0.0637378290812909,0.523446292650408
-0.0976158067566099,0.580664595330239
0.382830385272985,0.390051708733153
-0.398599533109948,0.472265908442524
-0.619734748523689,0.613199796119811
0.286992974136406,0.500652648727612
-0.137756050238784,0.65267394306193
-0.358163119681483,0.363036590085206
-0.552961290752616,0.445350178953515
0.164602258856025,0.450445569059606
-0.018544703408238,0.296701020523257
-0.0978452124024349,0.627807160508105
0.891287934603105,0.525317494857972
0.507475548849539,0.452829792447144
-0.48392765685947,0.411821837931483
-0.714121536042371,0.479239414826455
0.370047728091829,0.47762771061271
-0.49648082102664,0.346523282650047
-0.577739498996747,0.550746865404206
-0.0202983454394133,0.58623132370667
0.0761176118318109,0.765428952903502
-0.210257767851796,0.458369151435666
0.464548284738242,0.591233402965485
-0.210477107966734,0.403777851272168
1.32716750854788,0.52476636334327
-0.619817567784898,0.5209101764811
-0.770723386735522,0.462466341931045
0.595758506963462,0.535251407381513
-0.839569395918926,0.549161923556388
0.270929673571492,0.399799035857877
0.241020821567176,0.453870204738808
0.0647772708659108,0.591450913176701
0.0196213683247929,0.692144772532288
0.576789846907946,0.544754066433236
0.322942787086375,0.383337527612675
0.217558636746711,0.618571365851833
-0.182421525360752,0.566769553624907
0.35262651016831,0.44922740432615
0.132124672648256,0.430003774511874
0.329097768627068,0.453959279663287
0.361766964773564,0.351835510398732
0.340604324069336,0.48023708281818
0.125446576129858,0.556831752524163
-0.0835340154731125,0.436636967796267
0.15527832059458,0.504998725608244
-1.19549003116629,0.309357996756614
-0.237841651542798,0.462705233014472
-0.130698049755152,0.548785929408946
0.291910628733647,0.454885361842522
-0.648449493998714,0.530126174083945
0.158373946710882,0.586683207205692
-0.132057769288847,0.448862429933013
-1.28915193023591,0.491647654121286
0.144668960600527,0.48949886550398
-0.501391033158593,0.484617357910997
-0.431802149717596,0.466635369879561
-0.601944852775856,0.441921340788853
-0.591347609518792,0.613887077184479
0.708098706993281,0.469302783916458
-0.598551896920111,0.527346691148512
-0.366295261806996,0.493965461558681
-0.238235173556391,0.00213809824653471
-0.854391921569036,-0.096233698537069
-0.735567157380192,-0.049586676170289
0.00981879142625208,-0.0571625509158222
0.645603904246237,0.330522502443405
-0.598444142004311,-0.0392577862282633
0.686397280431272,-0.0168556846948292
0.0974614092175292,0.0313440707961824
0.105435860314316,-0.0439499060809515
-0.701444216933744,-0.00695321229236009
-0.164544634194591,0.00410802537890082
0.721221331784722,-0.0615499820803028
0.0938535811616563,0.0570070631901973
0.908405121443251,-0.125612029298644
-0.175202317306454,0.107782736398718
0.468343717861202,-0.0429273239182927
-0.144714509886744,0.0585222090972118
-0.208264777765875,-0.0127007427940925
-0.220177383902452,-0.0987824173117951
-0.786949679500158,-0.0999283552594503
-0.0490636750005141,-0.00214185429418062
0.0302251143747786,0.142595631724951
-0.50348490247368,-0.117227749621857
-0.196790274012399,0.0294502665147214
0.67675609613255,0.110605714279245
0.186361693512098,-0.053348554603046
0.605923539857216,0.142195318732929
-1.02811472743275,0.0582083424608483
0.535212719694269,0.0141549401046752
0.401835072298186,-0.0462084017383775
0.384921517512597,-0.160318885056429
-0.487781254377925,0.0102394823420935
0.782457903137672,0.0713343443787187
1.2742899216025,0.040810152403396
0.48413230297472,-0.0212599725927055
0.17690070292436,0.0129185317297636
-0.322888630931075,0.0263154210451731
0.189812264335348,0.0594964060692169
-1.17047056474475,-0.121736789052746
-0.325313154615731,-0.0916320398101891
-0.553435128054315,-0.0904027241312667
-0.709291893122129,0.0318774122061466
-0.635012960884345,-0.12647762521545
-1.22469706717511,-0.0190097694343476
-0.350921976538845,0.109329667028943
-0.121927693594847,-0.0160614556503074
0.0587407094948398,0.0508620955613305
0.342319992125571,-0.00213796961554303
-0.798961127130159,-0.177857078026074
0.0363601136713825,-0.0320949481151923
-0.823597424152998,-0.0365601376871566
-0.262634714789684,0.111716022756812
0.770559588958768,-0.0727065634978
-0.295689573217286,0.0355058109210262
0.480666947255931,0.0599272035509767
0.387507486994221,0.163678406255336
0.0869909940335584,-0.10603496615488
0.146746765039078,-0.00309463016547784
0.432524383475215,-0.069156866806038
-0.093919986768072,0.130221253481209
-0.570997428208193,0.00194166272715455
-0.4328399634237,0.0072254710271875
-0.301582617977208,-0.0692617356736996
0.107132801532355,-0.129936463687503
-0.500389028546805,-0.0727440595037492
0.0396094167067679,-0.210102167881512
-0.136448622097915,-0.097850772064544
0.161865385619581,0.0382868322773397
-0.744355984483062,0.0627794722310856
-0.0721051185066936,-0.0787096686814351
-0.033194930990136,0.0094392778710788
-0.302502651743488,0.0589947406192294
-0.158656867862431,-0.0621118970506368
0.939424243026165,-0.0117073675885648
-0.0202925131380136,0.0263682006760633
-0.599176748309801,-0.057343423216889
0.39119090378734,-0.00161589722709476
-0.206163392008457,-0.0666281579830687
-0.110739006276768,0.277131756291616
-0.719144977882374,0.00437572162895525
0.415037240396064,0.0717272654346014
0.202102430098813,0.10669863273897
0.204024657713341,-0.183895052970936
-0.383569283599106,0.0580631794036042
-0.097523516765289,0.0127315337335108
-0.501450761506841,-0.0655485292525366
-0.409306085462219,0.0755650339539766
0.129430311382555,0.271263164645039
-0.289053283040901,0.0790287592236375
-0.870708069823478,-0.0242318771868473
-0.409261419494056,0.0487465926633071
-0.655759111904691,0.0330949621729882
0.0861152737053092,0.0170679374509478
-0.946272434648655,-0.257323218194029
0.26422673151458,0.0249911429598591
0.57561405968507,0.0247004205432853
0.0808003500514133,0.0672214158226486
-0.699891853966998,0.0992503293602017
0.472531164412235,0.0305006526600093
-0.274024822649078,-0.100056962318577
0.782876541981885,-0.0675930195445075
-0.28607283961622,-0.0458705016223876
-0.0778389078634324,-0.0645644257266892
-0.106613137324331,0.062390801952764
-0.0151656013714966,0.0304458789606978
-0.0596614279916198,0.0311603314871399
-0.851845490124489,0.00656464075217903
0.214579057230697,0.026960007531749
-0.29504180941563,0.0422997161529556
-0.672193159128503,-0.147242354968738
0.0195299024466,-0.0177105700303388
0.146822272736121,-0.183126049565737
-0.149437849439804,0.0774950151070969
-0.324899924436133,-0.0159962933435627
-0.431309781576833,-0.0785573353493958
0.549443874613766,0.0226916515259585
0.221682196789103,0.00157741929902191
0.836348777695518,0.0940854552782359
-0.359545895810348,-0.14442035501353
0.522409685546631,-0.0821989166212388
-0.382788042675504,-0.0438641678354748
0.000426763288081394,-0.00214343150036739
0.293296366087435,0.102415194331852
-0.256123746516629,-0.0169055682456838
0.769004175367762,0.128894079143065
0.397381921075239,0.0159473361790141
-0.322479283444533,0.14497221160464
-0.330685619779224,0.0650944283176799
-0.358604093409174,-0.0642825146022433
0.259233062662818,-0.0960130285194778
0.00836841950325796,0.0479302846469218
0.739291223708879,-0.0584333718337243
0.580499122927021,-0.152998269198576
0.74088301482564,-0.108694837234834
0.194373936574932,-0.103262945389324
0.579809163519628,-0.000348429297099485
-0.108298795274482,0.00893230959616581
0.230146875660366,-0.156129120662572
-0.166918567375989,-0.0144695835976975
0.302600237651189,0.124031033678789
-0.442143400783984,-0.0212651428861928
0.252295240137628,0.135677025817922
-0.773272448675349,0.00493023938671004
-0.486623866952481,-0.134665311602058
0.361359908920318,-0.045616017233711
-0.0673148411921639,-0.0118112532554914
-0.0524032182939803,-0.00195369158174588
0.687759328739913,-0.0322732201494571
0.140018306549628,0.147590358134335
-0.826221197840112,0.0448838344578619
-0.43875082139292,-0.0370024713200209
0.222813839045048,0.0868122477468922
0.0364066143667082,-0.0210065236305127
-0.112444661476019,0.0701405759715543
-0.157675993100669,-0.122051495126637
-0.0877794484437129,0.0405234775339228
0.100689524417154,0.156595183496862
0.730211428952394,0.157933655680489
-0.228714073591469,0.0773826676139856
-1.09347958933149,0.212602694190223
-0.3134323772395,0.127705796863773
-0.541395977171489,-0.122076600596882
-0.374016209904821,-0.00693294983520842
-0.160012286846599,-0.0829474358050516
-0.0068451110140665,-0.0426562781616656
0.17942261531981,0.058915967221353
-0.297975167218938,-0.00550861677387129
-0.285145164070466,-0.0953315425902371
0.181261059014796,-0.0778524745731965
0.969025345913578,0.190516683761853
0.292042667709617,-0.0284041219532511
0.534929111955521,-0.1348560680503
-0.0956593486187963,0.0186606569553243
-0.0144615883434779,-0.0802360110227009
0.41233583798799,0.0422148776412765
-0.0316908580577103,-0.0672911994986466
0.701468110509058,0.00805883676968134
-0.717759107790046,-0.00871854590475415
-0.440533759454406,-0.0367505993787976
0.654423269652698,-0.106605071229356
0.156549109493471,0.0621642846417826
-0.690634472257417,-0.0565256814226504
-0.158895151479354,-0.148657543051252
0.363288680725797,-0.0853368900907849
0.373818343492515,-0.0336618637691459
0.582948608430684,0.0144015798632267
-0.0629570078983867,0.00373223142549428
0.0104995255693237,0.0203436597630124
-0.180620393277606,-0.0902521486666103
-0.901979254813514,0.0766651512822554
0.631480422864816,-0.0405942307470686
-0.265514579967338,0.0350861757469794
-0.014147951143725,0.0180252539780266
-0.142179877684936,-0.071641286027768
0.0442815270005339,0.045413257826659
0.580127297126779,0.0479365064690812
0.257500703008585,0.0503382838751018
0.145211276995142,-0.0742876040275125
0.23167481857702,-0.0238358197756752
0.276008457989713,-0.191135513758371
-0.216702193200215,-0.177978179235052
-0.254443320733376,0.0489182536707968
0.435307265987871,0.0621083518629917
0.949253706521216,0.103854813155781
0.433380121136593,-0.019219612989209
0.0876244339427401,-0.233614587093585
-0.175807067033358,-0.121722827533113
0.566618924039797,-0.0721565965287648
-1.30223505514518,0.0639422610856528
-0.542671278566931,-0.0168410403797914
-0.106388631505032,0.0316335323701601
0.510701407505852,-0.175472853922398
0.158064793349991,0.0811251407721894
-0.723673788364596,-0.0926553252842548
-0.464388229165216,-0.0530275448621267
-0.881395466472869,-0.333700453457693
-0.229967572924745,0.101611550571881
0.371202376526005,-0.1039171150036
0.35797204225562,0.0913456988454549
-0.932157219951551,0.0635040530153738
0.451076006661688,0.0642166965025138
0.0142457378499929,-0.27075314092544
0.521571070574006,-0.0844264473456785
-0.438081345311797,-0.0980597740287942
-0.617967805230881,-0.0668206414150417
-0.0486768471427708,-0.0424648113409828
0.479145712439262,0.0928893814354957
-0.23937697782712,0.116902912258625
-0.441479551338207,-0.00524073631330219
-0.299267649522537,0.0402280851850066
0.627176940533385,-0.146996316356582
0.881172486547161,0.20424138707117
-0.44184181579818,0.0491005465204793
0.0864974081270817,-0.0096940530497862
-0.595836067215648,-0.0814742330504309
0.820378940155938,0.0296569196338172
-0.514482730607774,0.0799682494817085
1.85012126312632,-0.0132756626674353
0.192387537400749,0.141347782472566
-0.298407058016891,-0.0129099921905155
0.284136948008107,-0.0583328132900823
0.340464877316827,-0.0125479753912319
0.460399726296976,-0.227382420273671
0.444739403246579,-0.0913394716604143
0.168042016442057,-0.10880246491
-0.640253890825965,-0.0778594808905842
0.0939614971551003,0.0824422795487034
-0.418528432057381,-0.106754324648816
0.672426294480739,-0.068306677593054
-0.829971414486436,-0.0427652320286848
-0.730195152323087,0.0334637419538043
0.862079151837799,-0.111829670115838
-0.508971091524244,-0.0930054782943238
0.0425427544808766,0.0409743803761849
-0.302115334437429,-0.000910339943236142
-0.0803814225270063,-0.0411748941745351
-0.546249383833088,-0.0630883347616429
-0.272692156018423,-0.113278673473776
0.160179080758908,-0.0745966802282992
-0.515013347235679,0.0273563521811435
0.0587530638234292,-0.13854077819037
-0.623131039443626,0.0600883543713931
0.227347385556745,0.16636653761152
-0.585814342238073,-0.00829461454305251
0.0237011510805856,0.115244061512659
0.50647945254673,0.0976339698947255
0.868611322871422,-0.0977698916730098
0.336530640611748,-0.102499980170845
-0.723133882411343,0.030606991412365
0.836851153602515,-0.0683199703337851
0.166232743596267,-0.0853402462640069
-0.38719018636701,-0.196124514246427
0.485081659988079,-0.0369746008187641
-0.446400543761235,-0.00978307430359369
0.366912066475161,0.0963542070191617
-0.25843364376335,-0.0836787124727893
-0.324712916299977,0.133397567730722
-0.137357362187818,-0.143142283614528
-1.00344957865347,-0.0138552428347773
-0.146184727029443,-0.0236197998471332
-0.307734301411564,0.0140030877989735
-0.447482145640326,-0.0670584055047254
-0.603224138625188,-0.0918430526694378
-0.0766806762036716,-0.0421486761278189
-0.230103980706624,0.0707080049166146
-0.0386882528367159,-0.113589699583157
0.293175008310156,0.0298601843614566
-0.401283237397004,-0.0356612747245691
-0.0215445476460474,-0.126806243250659
0.0224589449539425,0.106954613913827
-0.959084484416842,-0.0450209654657547
0.00442048927953167,0.0528764704520939
-0.397218251279928,0.0795423820202179
-0.420266961479511,0.0132163371911888
0.0454145984085958,-0.0360965413304178
-0.0152959083998757,0.0806246173742918
0.11161704253788,-0.0757637542685741
-0.101580145369997,-0.0530072946761691
0.217062822875736,-0.0697409729529045
0.640888434461969,-0.0287113883179541
-1.01636141355492,0.122065897859561
0.0123081703113104,-0.00844109181965779
-0.0157841410436027,-0.139774717802073
0.0623490860234043,0.0308001424227876
-0.121162201860708,0.164368247775221
0.511870332145131,0.0806109491601915
-0.407297165174684,0.036495166823999
0.729040373791136,-0.0996596798098553
-0.747641869721516,0.0824736230517581
0.00630500519083664,-0.0107083720084795
0.788537559920589,-0.0351268791147331
0.786945767510929,-0.0511945800241121
-0.0747220924086476,0.0120443584746121
-0.607895772183583,0.0847393416611595
-0.476903566211141,0.163921458635557
0.257782636792015,0.0541331468662141
-0.689962746710636,-0.139935808296182
-0.457978758327195,0.119144117272802
-0.016480465531588,0.011227402581809
-0.448052278021095,0.00190607396951163
-0.202725059633258,0.0269380317349854
0.527941225206662,-0.00789249619025657
-0.210935616324742,-0.0758403977490517
-0.641470430200711,0.156546580904809
-0.406789776340735,0.0421587208066842
0.953990767466589,-0.0158308779160327
-0.325854742502015,0.00567999999058919
-0.291358821086362,-0.115576033956388
-0.896688717865698,-0.0920318511467849
-0.23829706407351,0.0449806360453205
0.0357656092526873,0.00412924947542139
-0.132590734897305,0.126672424259684
0.277822249260262,-0.0160021284303713
-0.35069923714037,-0.0569770513312374
-0.895807392792942,0.0227461339730809
-0.624222493790437,-0.0846329918123071
-0.29073757778712,-0.0848765020075745
-0.196893058951753,-0.0855943921718862
0.374468030603051,-0.0185935918311614
0.272921853611134,-0.0333319112076115
0.233343825746278,0.0034413028585207
-0.150261184183019,-0.0781797547807548
-0.5214605680267,0.0507695988859351
-0.139696109564119,0.0369875523196965
1.20228531630156,0.0592333952781604
-0.852495064760196,0.133648078546466
-0.125140424628329,-0.130671420025861
0.268440525485223,0.11869231979987
-0.0498901594629507,-0.111379274311281
-0.225435442494638,-0.0828371492767469
0.35746404500207,0.059884942249399
-0.193336863024576,0.1119334162259
0.454432215317763,0.203371299590597
-0.260560168518153,-0.0741768385811694
-0.826749591842055,-0.0157108407267606
-0.194360126673076,-0.00598180512965797
0.603642333366167,0.0581326029032564
-0.614427088655926,0.00417708158310429
-0.891470563037718,0.206279886845307
-0.322523299378822,-0.019273538449103
-0.53257625145894,-0.0490032349411455
-0.282135917256129,0.0724501955363142
0.0912191406652462,-0.178512365598576
-0.202144284872816,-0.015634902691093
0.605315952429186,-0.0605945324412316
-0.984213382965045,-0.0119939185238948
0.209718574574748,-0.190212278660572
0.220194649563414,0.035661364353107
0.0663904539366035,-0.132490082324044
-0.448892782648843,-0.0211042635561219
0.404473361771745,0.0769305361857235
0.0676942484424019,0.0672554953012379
0.425953316736553,0.129962647255085
0.525753223827393,0.0777451362387965
-0.141163113134913,0.165090925714225
-0.0232566972614139,0.168938854179095
0.259756748018057,0.0307458954098319
0.732170117371518,0.0946995614497372
-0.512602270481634,-0.144130350087345
0.510347746715688,-0.0220445188106252
-0.0311153885429285,0.080574513563812
0.799844038964924,-0.149938129505827
0.153614069268499,0.0957631962243728
-0.660723446046619,-0.159146014107626
-0.44127434221988,-0.212051502248144
-0.200334503098017,-0.067706444506767
-0.102605525790299,0.108591536916182
-0.36322796753369,-0.0326322800082395
0.120538225744041,-0.118798587881459
0.00659508437638963,0.00471795582558605
0.0959082222224925,0.108690304845454
-0.2716663287476,0.212379332362065
-0.396652413250698,-0.0813159020932642
0.469427834886276,0.117805372688154
0.35008076564849,0.0991413599893601
0.0335506847422187,0.163619319334716
0.173208639891044,-0.197118347355941
-0.297463057498386,-0.0823835042557347
-0.853882615470864,0.0618501428701754
-0.604692414560004,0.150662767207728
-0.103586228897158,0.173987802065394
0.055644298304961,0.0749634239167286
-0.115735707275815,-0.0616156193226341
-0.189509501128466,0.0759068623433801
0.27272027201258,0.20492473463863
-0.422387351532781,-0.0497976216686069
0.00169248178027061,0.0238350667096938
0.0219170634348341,0.151886372507736
0.270016138074485,-0.0499117366702837
0.490985646330499,-0.0714046732444351
-0.39015655212613,0.0216848099828669
-0.190369212976283,0.0276203505656729
-0.413232018210065,0.104232164460516
0.471754209259778,-0.0512372670866942
0.480880168606145,-0.0666256148759284
0.654886863131036,-0.146941726590311
0.405344056774844,0.0479115990487064
0.550760325529494,-0.138755023446969
1.28886099174318,-0.00268774650702878
0.347802277494262,0.034311015326876
-0.321012935894931,-0.0778842141466912
0.163524350936932,-0.00846884007811979
0.0907064054687951,-0.1672458015409
-0.334040075576381,0.0151394650262274
-0.186692127177014,-0.00515410428177542
0.0953696080353087,-0.0610340788798072
-0.619934125785388,-0.225504934542922
-1.19647681798121,0.180449985699525
-0.802147825448087,-0.047645959206111
-0.652978918733268,0.0889116496262354
0.547261568001223,0.0358278178114008
0.350782646802438,0.0103473611688786
0.414992905407273,-0.00135439942925775
0.555502654625585,0.0419768633402494
-0.579142988189123,-0.00768379000529048
-0.0791991703256544,-0.0103571251100007
0.0229466725784312,-0.130788029963424
-0.0767795502407402,0.122721564951236
0.0308404985299597,-0.0999467113051068
0.0185810522943255,0.0290857544935705
0.263620293382076,0.0190748016551812
-0.213471484862796,0.0574651152157386
0.829837939510358,0.0875635393191394
-0.549339379945529,-0.00450894496044973
-0.572726385816143,-0.234645049725271
-0.343054451896317,0.0215337847684779
0.0434766522038677,0.0706109225771591
-0.562288323511763,-0.198068578634627
0.948920959858114,-0.0310879233463941
-0.272133014407844,0.109862732495171
0.990608433785615,-0.0666165306687351
-0.688093965853572,0.240820820768085
-0.302345677799289,0.0024784731696767
-0.985637817590518,0.154268364331447
-0.686136823004651,0.0851387123907061
-0.729134282952468,-0.00639711230429723
0.618399952246487,-0.118028041967133
-0.378465312947368,-0.0480679191245898
0.313568473655295,-0.00799136501275012
0.829844749815222,0.163656540411648
0.524672379335534,0.190827229729363
-0.170095309621941,-0.109982028621259
0.265292253160802,-0.0446841938177086
-0.30145698929969,0.0346408360084653
-0.469275546150471,-0.0670740421735116
0.00751257766298009,-0.133269185588623
0.124271794033767,-0.124623529008893
0.311843487071794,0.128007729759747
-0.761850250899113,-0.00510018850390505
0.434139045913555,-0.217197677932936
0.173340326668518,-0.0174639979931371
0.146041343827383,0.0317634123972382
-0.361754918951701,-0.123784292923608
-0.75759031319125,0.0197384383913356
-0.384621258462312,-0.0959605310332491
0.113726375419411,-0.0833401928107645
0.177210573560987,-0.13256315544392
0.12441465790512,0.174123698522074
0.935116836793639,-0.0744728624273167
0.428560334401492,-0.192000645259975
0.699917169274193,-0.162821489252426
0.113867435057257,-0.0382302665837144
-0.565492761437163,0.0124616863446906
-0.429438309937688,0.0141196075343734
0.19080066260596,0.198087139550213
-0.326708550933378,-0.0990366022749336
0.303750668893915,-0.173400635460807
-0.346929215220125,-0.000088904080975879
0.497649761535178,0.00205726246355911
-0.168889318216225,0.247876477756341
0.127038696371599,-0.0792337290591284
-0.880851695038455,0.00648823623027172
0.85235052123815,-0.0215231552395093
-0.411998233902381,-0.029780044508549
0.165252248201167,-0.00837201583802783
0.436215457219331,-0.0317077837049321
-0.773347262215208,-0.000408109995565942
-0.82927722116052,0.0864513522545985
0.437522301498333,-0.0218916737962156
-0.136294848378735,-0.063954192074224
